Workbook
Name SimNao: Cronograma!$R$2:$R$3

Sheet Proposta
D2: DATA: | E2: 45586
D4: DE: | E4: Ricardo Barbosa de Barros
E5: (48) 9 9919 3243
E6: barros@caexperts.com.br
B8: Razão Social: Creative Solutions Engenharia e Consultoria LTDA | D8: PARA: | E8: FOXTERMO Refrigeração e Aquecimento LTDA
B9: CNPJ: 15.806.919/0001-44 - Inscrição Estadual: 25.676.225-2 | E9: Álvaro Salla
B10: Rod Jose Carlos Daux, km 01 - Edifício CELTA, 3º andar - Sala 2.02 | E10: (11) 98855-6006
B11: CEP: 88030-902 - Bairro João Paulo | E11: alvaro.salla@foxtermo.com.br
B12: Florianópolis – SC – Brasil
D13: VÁLIDO ATÉ: | E13: =E2+30
B16: Item | D16: Tipo | E16: Quant. | F16: Valor Unit. | G16: Valor Total
B17: Estudo CFD — Tanque de Cristalização de Óleo de Palma (serpentina + agitador) | D17: Serviço | E17: 1 | F17: =ROUND(Cronograma!O5,0)*1.1 | G17: =F17
B20: Objetivo: Prever, via simulação CFD (Simcenter STAR-CCM+), o campo de velocidades e a transferência de calor no tanque de cristalização de óleo de palma com serpentina de imersão e agitador — com foco nas VELOCIDADES NA REGIÃO DA SERPENTINA, que governam a uniformidade do resfriamento e, portanto, a qualidade e o controle da cristalização (zonas de baixa velocidade levam a cristalização desigual e incrustação na serpentina).
B23: Recursos: Empregaremos neste projeto uma equipe técnica de consultores experientes na solução de problemas industriais com o apoio de ferramentas de CAE avançadas da SIEMENS, como o STAR-CCM+, referência mundial na área de fluidodinâmica.
B26: Escopo: A CAEXPERTS desenvolverá o estudo em 4 etapas: Etapa 1 — Recebimento de dados, simplificação do CAD (tanque, serpentina helicoidal e agitador) e montagem do modelo; Etapa 2 — Configuração do CFD: agitador em Moving Reference Frame (MRF), transferência de calor CONJUGADA (óleo ↔ parede da serpentina ↔ água de resfriamento) e propriedades dependentes da temperatura (ρ(T), μ(T)); Etapa 3 — Execução das 4 simulações, variando as propriedades (temperatura) e a rotação do agitador; Etapa 4 — Pós-processamento, análise (velocidades na serpentina, campo térmico, zonas de baixa velocidade) e relatório técnico. OPCIONAL — Cristalização detalhada (nucleação/crescimento via balanço populacional + reologia de slurry), condicionada aos dados de cinética e reologia do cliente.
B43: Cronograma de Atividades: A execução do projeto está prevista para 45 dias, conforme cronograma em anexo. A primeira etapa se inicia oficialmente a partir do dia subsequente ao recebimento dos documentos com os dados necessários. Durações: Etapa 1: 10 dias; Etapa 2: 20 dias; Etapa 3: 10 dias; Etapa 4: 5 dias.
B49: Requisitos/Dados Necessários ao Projeto: CAD 3D do tanque, da serpentina (Ø do tubo, passo, nº de voltas, Ø da hélice, material) e do agitador (tipo, Ø, nº de pás, rotações) em formato .step, .iges ou parasolid; propriedades do óleo de palma ρ(T) e μ(T); vazão e temperaturas da água de resfriamento (e DN dos tubos); ponto de operação (T inicial do óleo, meta de resfriamento, tempo de batelada). Para a cristalização detalhada (opcional): temperatura e calor latente de cristalização, curva de fração sólida × T e cinética de nucleação/crescimento.
B52: Entregáveis do Projeto: Relatório em formato .ppt contendo a metodologia e os resultados das 4 simulações — campos de velocidade (com destaque nas velocidades na serpentina), campo de temperatura e fluxo de calor óleo→água, identificação de zonas de baixa velocidade/estagnação, e o efeito da rotação do agitador e das propriedades (temperatura) no resfriamento e na uniformidade da cristalização.
B54: Quem Somos: A CAEXPERTS é uma empresa especializada em digitalização da engenharia que conta com uma rede de consultores pioneiros da implantação de tecnologias de simulação computacional na indústria nacional. Somos parceiros tecnológicos da SIEMENS Digital Industries Software, onde contamos com um portifólio de ferramentas de CAE mais completo do mercado.
B58: INVESTIMENTO TOTAL | F58: =G17
B60: Observações:
B61: Condições de Pagamento: 30 dias.
B62: Faturamento: Nota fiscal de serviços
B64: Aceitação desta proposta via emissão de pedido de compras ou contrato específico
B73: ANEXO - CRONOGRAMA DE ATIVIDADES

Sheet Cronograma
R2: Sim
B3: ATIVIDADES DO PROJETO: | ETAPAS: | C3: 0 | D3: 1 | E3: 2 | F3: 3 | G3: 4 | K3: Marcus | L3: Gabriel | M3: Humberto | N3: Urgência | O3: Não | R3: Não
B4: Início de Projeto | C4: dia 0 | N4: Total Eq. Téc. | O4: =SUM(K24:M24)
N5: Total Projeto: | O5: =O4/0.35 | R5: CFD
N6: Rateio | O6: 0.35 | R6: CFD + DEM
R7: FEA
R8: EMAG
B9: Configuração Inicial | D9: ="+" & $H9 & " dias" | H9: 10 | K9: 6 | L9: 30 | M9: 20
B13: Simulações dos Cenários | E13: ="+" & $H13 & " dias" | H13: 20 | K13: 8 | L13: 40 | M13: 30
B17: Finalização | F17: ="+" & $H17 & " dias" | H17: 10 | K17: 6 | L17: 30 | M17: 15
B21: Reunião Final Online | G21: ="+" & $H21 & " dias" | H21: 5 | K21: 4 | L21: 5 | M21: 3
H22: =SUM(H5:H21) | J22: Total Horas | K22: =SUM(K4:K21) | L22: =SUM(L4:L21) | M22: =SUM(M4:M21)
J23: Valor HH | K23: =VLOOKUP(K3,'Tabela HH'!$H$4:$K$19,IF($O$3="Sim",4,3),0) | L23: =VLOOKUP(L3,'Tabela HH'!$H$4:$K$19,IF($O$3="Sim",4,3),0) | M23: =VLOOKUP(M3,'Tabela HH'!$H$4:$K$19,IF($O$3="Sim",4,3),0)
K24: =K22*VLOOKUP(K3,'Tabela HH'!$H$4:$K$19,IF($O$3="Sim",4,3),0) | L24: =L22*VLOOKUP(L3,'Tabela HH'!$H$4:$K$19,IF($O$3="Sim",4,3),0) | M24: =M22*VLOOKUP(M3,'Tabela HH'!$H$4:$K$19,IF($O$3="Sim",4,3),0)
J25: % Calculado | K25: =K24/$O$4*$O$6 | L25: =L24/$O$4*$O$6 | M25: =M24/$O$4*$O$6 | N25: =SUM(K25:M25)

Sheet Tabela HH
A1: HH Projetos Geral; Acima de 60 dias de duração e HH de Viagens
B2: CAD | C2: FEA | D2: CFD | E2: EMAG
A3: Estagiário | B3: 15 | C3: 20 | D3: 30 | E3: 30 | H3: Equipe | I3: Senioridade | J3: HH Normal | K3: HH Urgente
A4: Junior | B4: 30 | C4: 40 | D4: 50 | E4: 50 | H4: Marcus | I4: Senior | J4: =VLOOKUP(I4,$A$3:$E$6,4,0) | K4: =VLOOKUP(I4,$A$12:$E$15,4,0)
A5: Pleno | B5: 50 | C5: 60 | D5: =75 | E5: 75 | H5: Matheus | I5: Pleno | J5: =VLOOKUP(I5,$A$3:$E$6,4,0) | K5: =VLOOKUP(I5,$A$12:$E$15,4,0)
A6: Senior | B6: 80 | C6: =90 | D6: =100 | E6: 100 | H6: Otávio | I6: Pleno | J6: =VLOOKUP(I6,$A$3:$E$6,4,0) | K6: =VLOOKUP(I6,$A$12:$E$15,4,0)
H7: Humberto | I7: Junior | J7: =VLOOKUP(I7,$A$3:$E$6,4,0) | K7: =VLOOKUP(I7,$A$12:$E$15,4,0)
H8: João | I8: Estagiário | J8: =VLOOKUP(I8,$A$3:$E$6,4,0) | K8: =VLOOKUP(I8,$A$12:$E$15,4,0)
A9: HH Projetos Geral; Abaixo de 60 dias de duração ou urgentes | H9: Vitor | I9: Estagiário | J9: =VLOOKUP(I9,$A$3:$E$6,4,0) | K9: =VLOOKUP(I9,$A$12:$E$15,4,0)
H10: Gabriel | I10: Junior | J10: =VLOOKUP(I10,$A$3:$E$6,4,0) | K10: =VLOOKUP(I10,$A$12:$E$15,4,0)
B11: CAD | C11: FEA | D11: CFD | E11: EMAG | H11: Vinicius | I11: Estagiário | J11: =VLOOKUP(I11,$A$3:$E$6,4,0) | K11: =VLOOKUP(I11,$A$12:$E$15,4,0)
A12: Estagiário | B12: =1.4*B3 | C12: =1.4*C3 | D12: =1.4*D3 | E12: =1.4*E3 | H12: Guerra | I12: Externo | J12: 120 | K12: 120
A13: Junior | B13: =1.4*B4 | C13: =1.4*C4 | D13: =1.4*D4 | E13: =1.4*E4 | H13: Pedro | I13: Pleno | J13: =VLOOKUP(I13,$A$3:$E$6,5,0) | K13: =VLOOKUP(I13,$A$12:$E$15,5,0)
A14: Pleno | B14: =1.4*B5 | C14: =1.4*C5 | D14: =1.4*D5 | E14: =1.4*E5 | H14: Diego | I14: Junior | J14: =VLOOKUP(I14,$A$3:$E$6,4,0) | K14: =VLOOKUP(I14,$A$12:$E$15,4,0)
A15: Senior | B15: =1.4*B6 | C15: =1.4*C6 | D15: =1.4*D6 | E15: =1.4*E6 | H15: Leandro | I15: Senior | J15: =VLOOKUP(I15,$A$3:$E$6,3,0) | K15: =VLOOKUP(I15,$A$12:$E$15,3,0)
H16: Simas | I16: Junior | J16: =VLOOKUP(I16,$A$3:$E$6,3,0) | K16: =VLOOKUP(I16,$A$12:$E$15,3,0)
H17: Alvaro | I17: Estagiário | J17: =VLOOKUP(I17,$A$3:$E$6,3,0) | K17: =VLOOKUP(I17,$A$12:$E$15,3,0)
A18: Consultores Externos | H18: Burato | I18: Externo | J18: 150 | K18: 150
A19: Carlos Burato | B19: 150 | H19: Marcio | I19: Externo | J19: 100 | K19: 100
A20: Marcelo Guerra | B20: 120
A21: Marcio Demétrio | B21: 100
